<!-- Logback configuration. See http://logback.qos.ch/manual/index.html -->
<configuration scan="true" scanPeriod="10 seconds">
    <!--继承spring boot提供的logback配置-->
    <!--<include resource="org/springframework/boot/logging/logback/base.xml" />-->

    <!--设置系统日志目录-->
    <property name="APP_DIR" value="spring-boot-logback" />

    <!-- 彩色日志 -->
    <!-- 彩色日志依赖的渲染类 -->
    <conversionRule conversionWord="clr" converterClass="org.springframework.boot.logging.logback.ColorConverter" />
    <conversionRule conversionWord="wex" converterClass="org.springframework.boot.logging.logback.WhitespaceThrowableProxyConverter" />
    <conversionRule conversionWord="wEx" converterClass="org.springframework.boot.logging.logback.ExtendedWhitespaceThrowableProxyConverter" />
    <!-- 彩色日志格式 -->
    <property name="CONSOLE_LOG_PATTERN" value="${CONSOLE_LOG_PATTERN:-%clr(%d{yyyy-MM-dd HH:mm:ss.SSS}){faint} %clr(${LOG_LEVEL_PATTERN:-%5p}) %clr(${PID:- }){magenta} %clr(---){faint} %clr([%15.15t]){faint} %clr(%-40.40logger{39}){cyan} %clr(:){faint} %m%n${LOG_EXCEPTION_CONVERSION_WORD:-%wEx}}"/>

    <!-- 控制台输出 -->
    <appender name="CONSOLE" class="ch.qos.logback.core.ConsoleAppender">
        <encoder>
            <Pattern>${CONSOLE_LOG_PATTERN}</Pattern>
            <charset>UTF-8</charset> <!-- 此处设置字符集 -->
        </encoder>
        <!--此日志appender是为开发使用，只配置最底级别，控制台输出的日志级别是大于或等于此级别的日志信息-->
        <filter class="ch.qos.logback.classic.filter.ThresholdFilter">
            <level>DEBUG</level>
        </filter>
    </appender>

    <!-- 时间滚动输出 all level日志 -->
    <appender name="FILE" class="ch.qos.logback.core.rolling.RollingFileAppender">
        <!-- 正在记录的日志文件的路径及文件名 -->
        <file>${LOG_PATH}/${APP_DIR}/log.log</file>
        <!--日志文件输出格式-->
        <encoder>
            <pattern>%d{yyyy-MM-dd HH:mm:ss.SSS} [%thread] %-5level %logger{50} - %msg%n</pattern>
            <charset>UTF-8</charset> <!-- 此处设置字符集 -->
        </encoder>
        <!-- 日志记录器的滚动策略，按日期，按大小记录 -->
        <rollingPolicy class="ch.qos.logback.core.rolling.TimeBasedRollingPolicy">
            <!--
                归档的日志文件的路径，例如今天是2017-04-26日志，当前写的日志文件路径为file节点指定，可以将此文件与file指定文件路径设置为不同路径，从而将当前日志文件或归档日志文件置不同的目录。
                而2017-04-26的日志文件在由fileNamePattern指定。%d{yyyy-MM-dd}指定日期格式，%i指定索引
            -->
            <fileNamePattern>${LOG_PATH}/${APP_DIR}/alllogs/log-%d{yyyy-MM-dd}.%i.log</fileNamePattern>
            <!--
                除按日志记录之外，还配置了日志文件不能超过100M，若超过100M，日志文件会以索引0开始，
                命名日志文件，例如log-2017-04-26.0.log
            -->
            <timeBasedFileNamingAndTriggeringPolicy class="ch.qos.logback.core.rolling.SizeAndTimeBasedFNATP">
                <maxFileSize>100MB</maxFileSize>
            </timeBasedFileNamingAndTriggeringPolicy>
            <!--日志文件保留天数-->
            <maxHistory>60</maxHistory>
        </rollingPolicy>
    </appender>

    <!-- 时间滚动输出 error level日志 -->
    <appender name="ERROR_FILE" class="ch.qos.logback.core.rolling.RollingFileAppender">
        <!-- 正在记录的日志文件的路径及文件名 -->
        <file>${LOG_PATH}/${APP_DIR}/error.log</file>
        <!--日志文件输出格式-->
        <encoder>
            <pattern>%d{yyyy-MM-dd HH:mm:ss.SSS} [%thread] %-5level %logger{50} - %msg%n</pattern>
            <charset>UTF-8</charset> <!-- 此处设置字符集 -->
        </encoder>
        <!-- 日志记录器的滚动策略，按日期，按大小记录 -->
        <rollingPolicy class="ch.qos.logback.core.rolling.TimeBasedRollingPolicy">
            <!--
                归档的日志文件的路径，例如今天是2017-04-26日志，当前写的日志文件路径为file节点指定，可以将此文件与file指定文件路径设置为不同路径，从而将当前日志文件或归档日志文件置不同的目录。
                而2017-04-26的日志文件在由fileNamePattern指定。%d{yyyy-MM-dd}指定日期格式，%i指定索引
            -->
            <fileNamePattern>${LOG_PATH}/${APP_DIR}/alllogs/error-%d{yyyy-MM-dd}.%i.log</fileNamePattern>
            <!--
                除按日志记录之外，还配置了日志文件不能超过100M，若超过100M，日志文件会以索引0开始，
                命名日志文件，例如error-2017-04-26.0.log
            -->
            <timeBasedFileNamingAndTriggeringPolicy class="ch.qos.logback.core.rolling.SizeAndTimeBasedFNATP">
                <maxFileSize>100MB</maxFileSize>
            </timeBasedFileNamingAndTriggeringPolicy>
            <!--日志文件保留天数-->
            <maxHistory>60</maxHistory>
        </rollingPolicy>
        <!-- 此日志文件只记录ERROR级别的 -->
        <filter class="ch.qos.logback.classic.filter.ThresholdFilter">
            <level>ERROR</level>
        </filter>
    </appender>

    <!--开发环境:打印控制台-->
    <springProfile name="dev">
        <root level="INFO">
            <appender-ref ref="CONSOLE" />
            <appender-ref ref="FILE" />
            <appender-ref ref="ERROR_FILE" />
        </root>
    </springProfile>

    <!--测试环境:打印控制台和输出到文件-->
    <springProfile name="test">
        <root level="INFO">
            <appender-ref ref="FILE" />
            <appender-ref ref="ERROR_FILE" />
        </root>
    </springProfile>

    <!--生产环境:输出到文件-->
    <springProfile name="pro">
        <root level="INFO">
            <appender-ref ref="FILE" />
            <appender-ref ref="ERROR_FILE" />
        </root>
    </springProfile>

</configuration>